num_distr,mouse.time,mouse.clicked_name,,num_distr,mouse.time,mouse.clicked_name,,num_distr,mouse.time,mouse.clicked_name,,,,,
5,1.1864032,target,,5,1.1864032,target,,10,1.0595066,target,,,,,
5,1.8067683,target,,5,1.8067683,target,,10,1.4575485,target,,Total responses (Both sets),,,
10,1.0595066,target,,5,1.0539465,target,,10,1.7266326,target,,Mean RT,1.431573711,,
5,1.0539465,target,,5,1.1545862,target,,10,1.059843,target,,,,,
5,1.1545862,target,,5,1.1198933,target,,10,1.0783801,target,,,,,
10,1.4575485,target,,5,1.088469,target,,10,1.8934964,target,,Set size-5,,,
10,1.7266326,target,,5,1.2022644,target,,10,1.2414999,target,,Mean RT,1.321251066,,
10,1.059843,target,,5,1.0507935,target,,10,1.3258388,target,,,,,
10,1.0783801,target,,5,1.167891,target,,10,1.1719553,target,,,,,
10,1.8934964,target,,5,1.1713439,target,,10,1.4408653,target,,Set size-10,,,
5,1.1198933,target,,5,1.3022278,target,,10,1.5945326,target,,Mean RT,1.547364242,,
10,1.2414999,target,,5,1.2530982,target,,10,1.8937893,target,,,,,
5,1.088469,target,,5,1.0535407,target,,10,0.859442,target,,,,,
10,1.3258388,target,,5,1.0383346,target,,10,0.8266466,target,,participant 1,participant 2,participant 3,participant 4
5,1.2022644,target,,5,1.0893636,target,,10,1.6133887,target,set size-5,1.184005311,1.214484891,1.52135346,1.320613169
5,1.0507935,target,,5,1.468179,target,,10,2.2110463,target,set size-10,1.419622244,1.424734069,1.798520963,1.520594116
5,1.167891,target,,5,1.2700574,target,,10,1.011004,target,,,,,
5,1.1713439,target,,5,0.8879208,target,,10,1.5112492,target,,,,,
5,1.3022278,target,,5,0.981437,target,,10,1.279263,target,,,,,
10,1.1719553,target,,5,0.7877965,target,,10,1.2587431,target,,,,,
5,1.2530982,target,,5,1.0718002,target,,10,1.3457132,target,,,,,
10,1.4408653,target,,5,1.1863068,target,,10,1.0955492,target,,,,,
10,1.5945326,target,,5,1.2230134,target,,10,1.0622223,target,,,,,
5,1.0535407,target,,5,1.2889308,target,,10,1.2099954,target,,,,,
10,1.8937893,target,,5,1.222066,target,,10,1.3439648,target,,,,,
10,0.859442,target,,5,1.0723106,target,,10,1.0756269,target,,,,,
10,0.8266466,target,,5,1.1350727,target,,10,1.7907799,target,,,,,
5,1.0383346,target,,5,0.9716381,target,,10,1.6780956,target,,,,,
10,1.6133887,target,,5,1.1891235,target,,10,1.3436282,target,,,,,
10,2.2110463,target,,5,1.2893193,target,,10,1.0443218,target,,,,,
5,1.0893636,target,,5,1.255599,target,,10,1.2606541,target,,,,,
5,1.468179,target,,5,1.087392,target,,10,1.2250307,target,,,,,
10,1.011004,target,,5,1.4875435,target,,10,1.8099792,target,,,,,
5,1.2700574,target,,5,1.0886447,target,,10,1.3969452,target,,,,,
5,0.8879208,target,,5,1.1206764,target,,10,2.2444872,target,,,,,
10,1.5112492,target,,5,1.0342498,target,,10,3.1935521,target,,,,,
5,0.981437,target,,5,1.7731801,target,,10,1.3104783,target,,,,,
5,0.7877965,target,,5,1.407221,target,,10,1.0578704,target,,,,,
10,1.279263,target,,5,2.0689422,target,,10,1.0116915,target,,,,,
5,1.0718002,target,,5,1.5899332,target,,10,2.7274459,target,,,,,
10,1.2587431,target,,5,1.1906232,target,,10,0.9919074,target,,,,,
10,1.3457132,target,,5,1.2532014,target,,10,0.9285822,target,,,,,
10,1.0955492,target,,5,1.1222932,target,,10,1.3287564,target,,,,,
10,1.0622223,target,,5,0.955926,target,,10,1.0179719,target,,,,,
5,1.1863068,target,,5,1.7165591,target,,10,1.8955543,target,,,,,
10,1.2099954,target,,5,1.0027153,target,,10,1.1098945,target,,,,,
10,1.3439648,target,,5,0.9036355,target,,10,2.6084102,target,,,,,
5,1.2230134,target,,5,1.0390353,target,,10,1.2926964,target,,,,,
10,1.0756269,target,,5,1.1009677,target,,10,3.2148254,target,,,,,
5,1.2889308,target,,5,0.9715446,target,,10,1.3399249,target,,,,,
10,1.7907799,target,,5,0.9898609,target,,10,1.0584199,target,,,,,
10,1.6780956,target,,5,1.0995864,target,,10,1.244138,target,,,,,
5,1.222066,target,,5,1.1544195,target,,10,1.2777887,target,,,,,
5,1.0723106,target,,5,2.2564162,target,,10,1.4906968,target,,,,,
10,1.3436282,target,,5,1.18939,target,,10,0.9591498,target,,,,,
5,1.1350727,target,,5,1.0015617,target,,10,2.0604432,target,,,,,
10,1.0443218,target,,5,1.4041283,target,,10,1.1580744,target,,,,,
10,1.2606541,target,,5,1.1212327,target,,10,1.228079,target,,,,,
5,0.9716381,target,,5,1.6577067,target,,10,0.9924156,target,,,,,
10,1.2250307,target,,5,1.7217693,target,,10,1.4388119,target,,,,,
5,1.1891235,target,,5,1.016021,target,,10,1.012221,target,,,,,
5,1.2893193,target,,5,1.1348516,target,,10,0.9252276,target,,,,,
5,1.255599,target,,5,1.4144309,target,,10,1.1960657,target,,,,,
5,1.087392,target,,5,0.9680016,target,,10,0.8722511,target,,,,,
10,1.8099792,target,,5,1.2042886,target,,10,1.0618245,target,,,,,
5,1.4875435,target,,5,1.0901615,target,,10,1.2591317,target,,,,,
10,1.3969452,target,,5,1.0225848,target,,10,1.1744939,target,,,,,
5,1.0886447,target,,5,1.1708714,target,,10,1.5116271,target,,,,,
5,1.1206764,target,,5,1.0224828,target,,10,2.2448285,target,,,,,
10,2.2444872,target,,5,1.0225311,target,,10,1.3616836,target,,,,,
5,1.0342498,target,,5,0.9548746,target,,10,2.0632422,target,,,,,
10,3.1935521,target,,5,0.8716277,target,,10,3.8960655,target,,,,,
10,1.3104783,target,,5,1.0186736,target,,10,0.93625,target,,,,,
5,1.7731801,target,,5,1.0048414,target,,10,1.2420779,target,,,,,
5,1.407221,target,,5,1.1721662,target,,10,1.6729612,target,,,,,
10,1.0578704,target,,5,1.0536923,target,,10,1.007936,target,,,,,
5,2.0689422,target,,5,1.0723024,target,,10,1.6620554,target,,,,,
10,1.0116915,target,,5,1.0538425,target,,10,0.960288,target,,,,,
10,2.7274459,target,,5,0.9883014,target,,10,1.0214762,target,,,,,
10,0.9919074,target,,5,1.189032,target,,10,1.1130808,target,,,,,
5,1.5899332,target,,5,0.9054471,target,,10,1.4770208,target,,,,,
5,1.1906232,target,,5,1.1520605,target,,10,1.4425378,target,,,,,
5,1.2532014,target,,5,0.971484,target,,10,1.1107508,target,,,,,
5,1.1222932,target,,5,1.1037352,target,,10,1.0091026,target,,,,,
10,0.9285822,target,,5,0.9882753,target,,10,0.8939488,target,,,,,
5,0.955926,target,,5,1.0711465,target,,10,0.9244516,target,,,,,
5,1.7165591,target,,5,1.4041209,target,,10,1.5799214,target,,,,,
5,1.0027153,target,,5,0.9729487,target,,10,1.2787948,target,,,,,
5,0.9036355,target,,5,1.4364791,target,,10,1.7804773,target,,,,,
10,1.3287564,target,,5,1.2901867,target,,10,1.2421835,target,,,,,
5,1.0390353,target,,5,0.9866077,target,,10,1.3628904,target,,,,,
5,1.1009677,target,,5,1.1018268,target,,10,1.7415232,target,,,,,
10,1.0179719,target,,5,1.0894048,target,,10,1.2782607,target,,,,,
5,0.9715446,target,,5,1.4711124,target,,10,1.4257409,target,,,,,
10,1.8955543,target,,5,1.0500122,target,,10,1.2584372,target,,,,,
10,1.1098945,target,,5,1.0718558,target,,10,1.3115602,target,,,,,
5,0.9898609,target,,5,1.0707901,target,,10,1.1071803,target,,,,,
10,2.6084102,target,,5,0.9390237,target,,10,1.2626668,target,,,,,
10,1.2926964,target,,5,1.0540851,target,,10,1.3268594,target,,,,,
5,1.0995864,target,,5,0.8858796,target,,10,1.0116896,target,,,,,
5,1.1544195,target,,5,1.054908,target,,10,1.2117646,target,,,,,
5,2.2564162,target,,5,1.1182868,target,,10,1.3287274,target,,,,,
10,3.2148254,target,,5,1.9377882,target,,10,1.1463599,target,,,,,
5,1.18939,target,,5,0.9700033,target,,10,0.9262116,target,,,,,
5,1.0015617,target,,5,1.0205074,target,,10,1.5418271,target,,,,,
10,1.3399249,target,,5,1.0034349,target,,10,1.4259891,target,,,,,
5,1.4041283,target,,5,1.1542882,target,,10,1.056834,target,,,,,
5,1.1212327,target,,5,1.303849,target,,10,0.8780933,target,,,,,
10,1.0584199,target,,5,1.1213753,target,,10,1.5252098,target,,,,,
5,1.6577067,target,,5,1.3727425,target,,10,1.5408824,target,,,,,
5,1.7217693,target,,5,3.2756038,target,,10,2.0121495,target,,,,,
10,1.244138,target,,5,1.1013027,target,,10,1.3112955,target,,,,,
5,1.016021,target,,5,1.1029772,target,,10,1.7076857,target,,,,,
10,1.2777887,target,,5,1.0715215,target,,10,1.1281732,target,,,,,
5,1.1348516,target,,5,1.1838818,target,,10,1.0919803,target,,,,,
10,1.4906968,target,,5,1.0008947,target,,10,1.1563662,target,,,,,
10,0.9591498,target,,5,1.1890194,target,,10,1.1282239,target,,,,,
5,1.4144309,target,,5,1.0874005,target,,10,1.0255654,target,,,,,
10,2.0604432,target,,5,1.6830733,target,,10,0.9070713,target,,,,,
10,1.1580744,target,,5,0.9559996,target,,10,1.091713,target,,,,,
5,0.9680016,target,,5,1.3716768,target,,10,0.9063861,target,,,,,
5,1.2042886,target,,5,1.2541604,target,,10,1.3909582,target,,,,,
10,1.228079,target,,5,1.1509332,target,,10,1.0451904,target,,,,,
10,0.9924156,target,,5,0.970972,target,,10,1.2260287,target,,,,,
5,1.0901615,target,,5,0.989964,target,,10,1.1579003,target,,,,,
10,1.4388119,target,,5,0.9723512,target,,10,1.4609734,target,,,,,
5,1.0225848,target,,5,1.0559499,target,,10,1.0752806,target,,,,,
10,1.012221,target,,5,1.0890501,target,,10,1.6628498,target,,,,,
5,1.1708714,target,,5,1.0542114,target,,10,1.7767595,target,,,,,
10,0.9252276,target,,5,1.1051301,target,,10,1.9798563,target,,,,,
10,1.1960657,target,,5,0.9390754,target,,10,0.860921,target,,,,,
5,1.0224828,target,,5,1.1043297,target,,10,0.9938367,target,,,,,
10,0.8722511,target,,5,1.0728586,target,,10,1.1421527,target,,,,,
10,1.0618245,target,,5,0.9219342,target,,10,1.4561525,target,,,,,
10,1.2591317,target,,5,1.0535763,target,,10,1.7121714,target,,,,,
5,1.0225311,target,,5,1.9069577,target,,10,1.062119,target,,,,,
5,0.9548746,target,,5,1.7240584,target,,10,1.3652953,target,,,,,
5,0.8716277,target,,5,0.9689674,target,,10,1.0615666,target,,,,,
5,1.0186736,target,,5,1.0721811,target,,10,1.3632212,target,,,,,
10,1.1744939,target,,5,1.2413876,target,,10,0.9962156,target,,,,,
5,1.0048414,target,,5,1.7879961,target,,10,2.5791485,target,,,,,
10,1.5116271,target,,5,0.9216895,target,,10,4.7003573,target,,,,,
10,2.2448285,target,,5,0.9548899,target,,10,5.2858253,target,,,,,
10,1.3616836,target,,5,1.2835217,target,,10,1.9585134,target,,,,,
5,1.1721662,target,,5,1.4556886,target,,10,1.1626065,target,,,,,
10,2.0632422,target,,5,1.7195897,target,,10,1.1967427,target,,,,,
5,1.0536923,target,,5,1.3558627,target,,10,1.0129704,target,,,,,
5,1.0723024,target,,5,1.2890213,target,,10,2.3443616,target,,,,,
5,1.0538425,target,,5,2.0731911,target,,10,1.711769,target,,,,,
10,3.8960655,target,,5,1.2839447,target,,10,1.2278838,target,,,,,
10,0.93625,target,,5,1.086328,target,,10,1.5354566,target,,,,,
10,1.2420779,target,,5,1.1230717,target,,10,1.528914,target,,,,,
10,1.6729612,target,,5,1.0355062,target,,10,1.7591659,target,,,,,
10,1.007936,target,,5,1.4179251,target,,10,2.1264,target,,,,,
10,1.6620554,target,,5,1.2207371,target,,10,1.6635212,target,,,,,
5,0.9883014,target,,5,1.1305257,target,,10,1.0860168,target,,,,,
10,0.960288,target,,5,1.0830673,target,,10,1.2725644,target,,,,,
5,1.189032,target,,5,1.2394859,target,,10,0.9785737,target,,,,,
10,1.0214762,target,,5,1.9888347,target,,10,1.1772478,target,,,,,
5,0.9054471,target,,5,1.0387542,target,,10,1.0711123,target,,,,,
10,1.1130808,target,,5,1.607346,target,,10,1.0014494,target,,,,,
5,1.1520605,target,,5,1.0613948,target,,10,1.0940521,target,,,,,
10,1.4770208,target,,5,1.3991873,target,,10,1.5134325,target,,,,,
5,0.971484,target,,5,1.3422517,target,,10,1.5882835,target,,,,,
10,1.4425378,target,,5,1.6295494,target,,10,1.0854932,target,,,,,
10,1.1107508,target,,5,1.4494409,target,,10,1.8185055,target,,,,,
5,1.1037352,target,,5,1.6498047,target,,10,1.903774,target,,,,,
10,1.0091026,target,,5,1.3769144,target,,10,1.6819705,target,,,,,
10,0.8939488,target,,5,1.4068214,target,,10,3.0750494,target,,,,,
5,0.9882753,target,,5,1.6247592,target,,10,1.5119967,target,,,,,
10,0.9244516,target,,5,1.2537548,target,,10,1.3627205,target,,,,,
10,1.5799214,target,,5,1.7633031,target,,10,2.6260504,target,,,,,
10,1.2787948,target,,5,1.355611,target,,10,1.9028704,target,,,,,
5,1.0711465,target,,5,1.6668462,target,,10,1.2331063,target,,,,,
10,1.7804773,target,,5,1.5032464,target,,10,1.8598865,target,,,,,
5,1.4041209,target,,5,1.2498216,target,,10,1.2608345,target,,,,,
5,0.9729487,target,,5,2.2295365,target,,10,1.3145775,target,,,,,
10,1.2421835,target,,5,2.6883519,target,,10,1.6582486,target,,,,,
5,1.4364791,target,,5,1.6086594,target,,10,1.3824666,target,,,,,
10,1.3628904,target,,5,2.1444887,target,,10,2.9353618,target,,,,,
10,1.7415232,target,,5,1.6819983,target,,10,1.9201887,target,,,,,
10,1.2782607,target,,5,1.2012791,target,,10,1.4462027,target,,,,,
5,1.2901867,target,,5,1.4339911,target,,10,1.5277259,target,,,,,
10,1.4257409,target,,5,2.0576741,target,,10,2.3272599,target,,,,,
5,0.9866077,target,,5,1.522962,target,,10,1.1427795,target,,,,,
5,1.1018268,target,,5,2.2160745,target,,10,1.2212514,target,,,,,
10,1.2584372,target,,5,1.6621362,target,,10,2.4049558,target,,,,,
10,1.3115602,target,,5,1.3763602,target,,10,2.7425679,target,,,,,
5,1.0894048,target,,5,1.830303,target,,10,1.5318644,target,,,,,
5,1.4711124,target,,5,1.6428007,target,,10,1.7760004,target,,,,,
10,1.1071803,target,,5,1.2788042,target,,10,2.2608318,target,,,,,
5,1.0500122,target,,5,1.5203264,target,,10,1.9738994,target,,,,,
10,1.2626668,target,,5,1.6849512,target,,10,2.1093301,target,,,,,
5,1.0718558,target,,5,1.677226,target,,10,1.1407497,target,,,,,
10,1.3268594,target,,5,1.2152943,target,,10,1.2662249,target,,,,,
10,1.0116896,target,,5,1.535332,target,,10,2.16548,target,,,,,
10,1.2117646,target,,5,1.6495427,target,,10,1.8356805,target,,,,,
5,1.0707901,target,,5,1.5993882,target,,10,1.8667853,target,,,,,
5,0.9390237,target,,5,2.765521,target,,10,2.1141757,target,,,,,
5,1.0540851,target,,5,1.603573,target,,10,2.0164517,target,,,,,
5,0.8858796,target,,5,2.2316388,target,,10,1.2347386,target,,,,,
5,1.054908,target,,5,1.2421101,target,,10,1.4262606,target,,,,,
5,1.1182868,target,,5,1.7437255,target,,10,1.480486,target,,,,,
10,1.3287274,target,,5,1.5017644,target,,10,2.7141013,target,,,,,
5,1.9377882,target,,5,1.495141,target,,10,2.0774908,target,,,,,
5,0.9700033,target,,5,1.1052088,target,,10,1.6441185,target,,,,,
10,1.1463599,target,,5,1.295443,target,,10,1.1734198,target,,,,,
5,1.0205074,target,,5,1.4189747,target,,10,1.831387,target,,,,,
10,0.9262116,target,,5,1.4690788,target,,10,1.296323,target,,,,,
5,1.0034349,target,,5,1.5025657,target,,10,2.3625858,target,,,,,
10,1.5418271,target,,5,1.5049508,target,,10,1.3661297,target,,,,,
10,1.4259891,target,,5,1.4612078,target,,10,1.7345287,target,,,,,
5,1.1542882,target,,5,1.3055197,target,,10,1.5280624,target,,,,,
5,1.303849,target,,5,1.4511376,target,,10,1.1792499,target,,,,,
5,1.1213753,target,,5,1.1366694,target,,10,1.232369,target,,,,,
10,1.056834,target,,5,1.2994966,target,,10,1.3143001,target,,,,,
10,0.8780933,target,,5,1.0496775,target,,10,2.9984543,target,,,,,
10,1.5252098,target,,5,1.9619313,target,,10,2.0617352,target,,,,,
5,1.3727425,target,,5,2.561689,target,,10,1.4746819,target,,,,,
10,1.5408824,target,,5,1.7037866,target,,10,1.2886679,target,,,,,
5,3.2756038,target,,5,1.3838757,target,,10,1.6772656,target,,,,,
5,1.1013027,target,,5,1.104843,target,,10,2.4235146,target,,,,,
5,1.1029772,target,,5,1.482483,target,,10,1.7438664,target,,,,,
10,2.0121495,target,,5,1.2706497,target,,10,2.0641175,target,,,,,
5,1.0715215,target,,5,1.4982768,target,,10,1.3770062,target,,,,,
5,1.1838818,target,,5,1.4083472,target,,10,1.2399117,target,,,,,
5,1.0008947,target,,5,1.5341668,target,,10,2.1297961,target,,,,,
5,1.1890194,target,,5,1.0844432,target,,10,2.532171,target,,,,,
5,1.0874005,target,,5,1.3914223,target,,10,3.6065364,target,,,,,
10,1.3112955,target,,5,1.8986784,target,,10,1.4102901,target,,,,,
5,1.6830733,target,,5,1.1533765,target,,10,1.6241361,target,,,,,
5,0.9559996,target,,5,1.3749878,target,,10,1.8355503,target,,,,,
10,1.7076857,target,,5,1.1510259,target,,10,1.8224551,target,,,,,
5,1.3716768,target,,5,1.7420722,target,,10,1.1689344,target,,,,,
5,1.2541604,target,,5,1.5865056,target,,10,2.0823996,target,,,,,
10,1.1281732,target,,5,1.3418692,target,,10,1.6592448,target,,,,,
10,1.0919803,target,,5,1.4021473,target,,10,1.6953756,target,,,,,
10,1.1563662,target,,5,1.820118,target,,10,4.0167948,target,,,,,
5,1.1509332,target,,5,1.2196109,target,,10,1.2055666,target,,,,,
5,0.970972,target,,5,1.3878837,target,,10,1.1907401,target,,,,,
10,1.1282239,target,,5,2.0977762,target,,10,2.1439531,target,,,,,
10,1.0255654,target,,5,1.1215072,target,,10,1.7383114,target,,,,,
5,0.989964,target,,5,1.053769,target,,10,1.039769,target,,,,,
10,0.9070713,target,,5,1.0792015,target,,10,1.4269496,target,,,,,
5,0.9723512,target,,5,1.2161104,target,,10,1.9676019,target,,,,,
10,1.091713,target,,5,1.0401089,target,,10,1.064,target,,,,,
10,0.9063861,target,,5,1.5525615,target,,10,1.1541798,target,,,,,
10,1.3909582,target,,5,1.1325165,target,,10,1.788755,target,,,,,
10,1.0451904,target,,5,1.5993767,target,,10,1.2014488,target,,,,,
10,1.2260287,target,,5,1.5066211,target,,10,1.6439381,target,,,,,
5,1.0559499,target,,5,1.1624493,target,,10,1.6814443,target,,,,,
10,1.1579003,target,,5,1.6433847,target,,10,4.3274908,target,,,,,
10,1.4609734,target,,5,1.0033462,target,,10,1.5624423,target,,,,,
5,1.0890501,target,,5,2.3814031,target,,10,1.9127414,target,,,,,
10,1.0752806,target,,5,1.2538023,target,,10,2.2099014,target,,,,,
10,1.6628498,target,,5,1.202985,target,,10,1.2682532,target,,,,,
10,1.7767595,target,,5,1.1370252,target,,10,2.1910189,target,,,,,
10,1.9798563,target,,5,1.0693467,target,,10,1.2867488,target,,,,,
5,1.0542114,target,,5,1.16851,target,,10,1.0517213,target,,,,,
10,0.860921,target,,5,1.472763,target,,10,1.4926687,target,,,,,
5,1.1051301,target,,5,0.8725084,target,,10,1.4446825,target,,,,,
10,0.9938367,target,,5,1.1665999,target,,10,1.37836,target,,,,,
10,1.1421527,target,,5,1.2987516,target,,10,2.1434366,target,,,,,
10,1.4561525,target,,5,1.0876093,target,,10,1.2810627,target,,,,,
10,1.7121714,target,,5,2.789886,target,,10,1.7110121,target,,,,,
10,1.062119,target,,5,1.4230102,target,,10,1.1458072,target,,,,,
5,0.9390754,target,,5,1.591355,target,,10,1.4628974,target,,,,,
10,1.3652953,target,,5,1.8339434,target,,10,1.1956007,target,,,,,
5,1.1043297,target,,5,0.9058585,target,,10,1.2777683,target,,,,,
10,1.0615666,target,,5,1.2241232,target,,10,1.612196,target,,,,,
10,1.3632212,target,,5,1.722098,target,,10,2.4130439,target,,,,,
5,1.0728586,target,,5,1.6895459,target,,10,1.1286598,target,,,,,
5,0.9219342,target,,5,1.3187074,target,,10,1.3135187,target,,,,,
10,0.9962156,target,,5,0.9720585,target,,10,1.7142967,target,,,,,
5,1.0535763,target,,5,1.2410175,target,,10,1.2612394,target,,,,,
10,2.5791485,target,,5,1.1554089,target,,10,1.5101838,target,,,,,
10,4.7003573,target,,5,1.1737023,target,,10,1.4272732,target,,,,,
10,5.2858253,target,,5,1.0876825,target,,10,1.6592508,target,,,,,
5,1.9069577,target,,5,1.1395687,target,,10,0.9288013,target,,,,,
10,1.9585134,target,,5,1.4392044,target,,10,1.0610588,target,,,,,
10,1.1626065,target,,5,1.33773,target,,10,1.2936133,target,,,,,
5,1.7240584,target,,5,1.0377686,target,,10,1.2473074,target,,,,,
10,1.1967427,target,,5,1.1731765,target,,10,1.1628923,target,,,,,
5,0.9689674,target,,5,1.4221564,target,,10,1.395025,target,,,,,
5,1.0721811,target,,5,1.5054472,target,,10,1.2112416,target,,,,,
10,1.0129704,target,,5,0.9380346,target,,10,1.1126158,target,,,,,
5,1.2413876,target,,5,1.020513,target,,10,1.0111506,target,,,,,
5,1.7879961,target,,5,1.0535422,target,,10,1.2789377,target,,,,,
10,2.3443616,target,,5,1.154626,target,,10,1.5806233,target,,,,,
10,1.711769,target,,5,1.022835,target,,10,1.5764906,target,,,,,
10,1.2278838,target,,5,0.9538337,target,,10,1.0805012,target,,,,,
5,0.9216895,target,,5,1.0054843,target,,10,1.1123593,target,,,,,
5,0.9548899,target,,5,1.0390099,target,,10,1.4132499,target,,,,,
5,1.2835217,target,,5,1.2236195,target,,10,1.6118775,target,,,,,
5,1.4556886,target,,5,1.2879104,target,,10,1.4107404,target,,,,,
5,1.7195897,target,,5,1.2387073,target,,10,1.0952734,target,,,,,
5,1.3558627,target,,5,1.2892138,target,,10,1.8739171,target,,,,,
5,1.2890213,target,,5,1.255425,target,,10,1.4090919,target,,,,,
10,1.5354566,target,,5,1.1211107,target,,10,3.7489817,target,,,,,
10,1.528914,target,,5,1.2213217,target,,10,2.0193662,target,,,,,
10,1.7591659,target,,5,1.3057482,target,,10,1.5623388,target,,,,,
5,2.0731911,target,,5,1.1573453,target,,10,1.2801679,target,,,,,
10,2.1264,target,,5,1.1401435,target,,10,0.8767776,target,,,,,
10,1.6635212,target,,5,1.3532066,target,,10,1.3947538,target,,,,,
5,1.2839447,target,,5,1.373487,target,,10,1.4438408,target,,,,,
5,1.086328,target,,5,1.1560314,target,,10,2.0804111,target,,,,,
5,1.1230717,target,,5,1.3899751,target,,10,1.0957069,target,,,,,
5,1.0355062,target,,5,1.0702943,target,,10,1.7473661,target,,,,,
10,1.0860168,target,,5,1.1860226,target,,10,1.343369,target,,,,,
10,1.2725644,target,,5,1.4551926,target,,10,1.0639904,target,,,,,
5,1.4179251,target,,5,1.7069053,target,,10,1.8734745,target,,,,,
10,0.9785737,target,,5,1.6069173,target,,10,1.8682134,target,,,,,
10,1.1772478,target,,5,1.4902962,target,,10,3.0222403,target,,,,,
5,1.2207371,target,,5,1.4067064,target,,10,1.552725,target,,,,,
5,1.1305257,target,,5,1.2938223,target,,10,1.4629457,target,,,,,
10,1.0711123,target,,5,1.1854749,target,,10,1.3044006,target,,,,,
10,1.0014494,target,,5,1.168329,target,,10,1.9630306,target,,,,,
5,1.0830673,target,,5,1.1378375,target,,10,1.8801268,target,,,,,
5,1.2394859,target,,5,1.5735203,target,,10,1.2128108,target,,,,,
5,1.9888347,target,,5,1.5727736,target,,10,2.0963574,target,,,,,
10,1.0940521,target,,5,1.3057386,target,,10,2.6473514,target,,,,,
5,1.0387542,target,,5,1.1559848,target,,10,1.2630752,target,,,,,
10,1.5134325,target,,5,1.572113,target,,10,2.8321401,target,,,,,
10,1.5882835,target,,5,1.1857746,target,,10,2.8655105,target,,,,,
5,1.607346,target,,5,1.2566479,target,,10,1.445987,target,,,,,
10,1.0854932,target,,5,1.2549816,target,,10,1.3456187,target,,,,,
5,1.0613948,target,,5,2.3906286,target,,10,1.1291899,target,,,,,
10,1.8185055,target,,5,1.2232856,target,,10,1.5115634,target,,,,,
5,1.3991873,target,,5,1.0891431,target,,10,1.2288763,target,,,,,
10,1.903774,target,,5,1.621207,target,,10,1.4455369,target,,,,,
10,1.6819705,target,,5,1.1557874,target,,10,1.1301687,target,,,,,
5,1.3422517,target,,5,1.2721479,target,,10,1.4273715,target,,,,,
10,3.0750494,target,,5,1.7245502,target,,10,1.7145451,target,,,,,
5,1.6295494,target,,5,1.5881699,target,,10,1.5437456,target,,,,,
10,1.5119967,target,,5,1.1351732,target,,10,1.3316123,target,,,,,
5,1.4494409,target,,5,1.171472,target,,10,1.1099578,target,,,,,
5,1.6498047,target,,5,2.6587508,target,,10,1.194403,target,,,,,
10,1.3627205,target,,5,1.3389657,target,,10,1.0628436,target,,,,,
10,2.6260504,target,,5,1.7069993,target,,10,0.9116801,target,,,,,
10,1.9028704,target,,5,1.7062092,target,,10,1.212403,target,,,,,
5,1.3769144,target,,5,1.4883707,target,,10,1.2313043,target,,,,,
10,1.2331063,target,,5,1.0720163,target,,10,1.4944846,target,,,,,
5,1.4068214,target,,5,1.0569637,target,,10,1.5303357,target,,,,,
10,1.8598865,target,,5,1.4395604,target,,,,,,,,,
5,1.6247592,target,,5,1.0892079,target,,,,,,,,,
5,1.2537548,target,,5,1.2558663,target,,,,,,,,,
10,1.2608345,target,,5,1.2364723,target,,,,,,,,,
10,1.3145775,target,,5,1.0342912,target,,,,,,,,,
5,1.7633031,target,,5,1.0236262,target,,,,,,,,,
5,1.355611,target,,5,1.539046,target,,,,,,,,,
5,1.6668462,target,,5,1.4225701,target,,,,,,,,,
10,1.6582486,target,,5,1.3190954,target,,,,,,,,,
5,1.5032464,target,,5,1.1043283,target,,,,,,,,,
5,1.2498216,target,,5,1.2046113,target,,,,,,,,,
10,1.3824666,target,,5,1.7884198,target,,,,,,,,,
10,2.9353618,target,,5,1.1227091,target,,,,,,,,,
10,1.9201887,target,,5,1.2563699,target,,,,,,,,,
10,1.4462027,target,,5,1.270995,target,,,,,,,,,
5,2.2295365,target,,5,0.9046044,target,,,,,,,,,
10,1.5277259,target,,5,2.3735742,target,,,,,,,,,
10,2.3272599,target,,,,,,,,,,,,,
5,2.6883519,target,,,,,,,,,,,,,
5,1.6086594,target,,,,,,,,,,,,,
10,1.1427795,target,,,,,,,,,,,,,
5,2.1444887,target,,,,,,,,,,,,,
5,1.6819983,target,,,,,,,,,,,,,
10,1.2212514,target,,,,,,,,,,,,,
5,1.2012791,target,,,,,,,,,,,,,
5,1.4339911,target,,,,,,,,,,,,,
10,2.4049558,target,,,,,,,,,,,,,
10,2.7425679,target,,,,,,,,,,,,,
10,1.5318644,target,,,,,,,,,,,,,
10,1.7760004,target,,,,,,,,,,,,,
5,2.0576741,target,,,,,,,,,,,,,
5,1.522962,target,,,,,,,,,,,,,
5,2.2160745,target,,,,,,,,,,,,,
10,2.2608318,target,,,,,,,,,,,,,
5,1.6621362,target,,,,,,,,,,,,,
10,1.9738994,target,,,,,,,,,,,,,
5,1.3763602,target,,,,,,,,,,,,,
5,1.830303,target,,,,,,,,,,,,,
5,1.6428007,target,,,,,,,,,,,,,
10,2.1093301,target,,,,,,,,,,,,,
5,1.2788042,target,,,,,,,,,,,,,
10,1.1407497,target,,,,,,,,,,,,,
10,1.2662249,target,,,,,,,,,,,,,
5,1.5203264,target,,,,,,,,,,,,,
5,1.6849512,target,,,,,,,,,,,,,
10,2.16548,target,,,,,,,,,,,,,
10,1.8356805,target,,,,,,,,,,,,,
5,1.677226,target,,,,,,,,,,,,,
5,1.2152943,target,,,,,,,,,,,,,
5,1.535332,target,,,,,,,,,,,,,
10,1.8667853,target,,,,,,,,,,,,,
10,2.1141757,target,,,,,,,,,,,,,
5,1.6495427,target,,,,,,,,,,,,,
10,2.0164517,target,,,,,,,,,,,,,
5,1.5993882,target,,,,,,,,,,,,,
10,1.2347386,target,,,,,,,,,,,,,
10,1.4262606,target,,,,,,,,,,,,,
10,1.480486,target,,,,,,,,,,,,,
5,2.765521,target,,,,,,,,,,,,,
5,1.603573,target,,,,,,,,,,,,,
5,2.2316388,target,,,,,,,,,,,,,
5,1.2421101,target,,,,,,,,,,,,,
5,1.7437255,target,,,,,,,,,,,,,
10,2.7141013,target,,,,,,,,,,,,,
10,2.0774908,target,,,,,,,,,,,,,
5,1.5017644,target,,,,,,,,,,,,,
10,1.6441185,target,,,,,,,,,,,,,
5,1.495141,target,,,,,,,,,,,,,
5,1.1052088,target,,,,,,,,,,,,,
10,1.1734198,target,,,,,,,,,,,,,
10,1.831387,target,,,,,,,,,,,,,
5,1.295443,target,,,,,,,,,,,,,
5,1.4189747,target,,,,,,,,,,,,,
10,1.296323,target,,,,,,,,,,,,,
10,2.3625858,target,,,,,,,,,,,,,
5,1.4690788,target,,,,,,,,,,,,,
10,1.3661297,target,,,,,,,,,,,,,
5,1.5025657,target,,,,,,,,,,,,,
5,1.5049508,target,,,,,,,,,,,,,
10,1.7345287,target,,,,,,,,,,,,,
10,1.5280624,target,,,,,,,,,,,,,
5,1.4612078,target,,,,,,,,,,,,,
5,1.3055197,target,,,,,,,,,,,,,
5,1.4511376,target,,,,,,,,,,,,,
5,1.1366694,target,,,,,,,,,,,,,
5,1.2994966,target,,,,,,,,,,,,,
5,1.0496775,target,,,,,,,,,,,,,
10,1.1792499,target,,,,,,,,,,,,,
10,1.232369,target,,,,,,,,,,,,,
5,1.9619313,target,,,,,,,,,,,,,
10,1.3143001,target,,,,,,,,,,,,,
10,2.9984543,target,,,,,,,,,,,,,
5,2.561689,target,,,,,,,,,,,,,
10,2.0617352,target,,,,,,,,,,,,,
10,1.4746819,target,,,,,,,,,,,,,
5,1.7037866,target,,,,,,,,,,,,,
10,1.2886679,target,,,,,,,,,,,,,
10,1.6772656,target,,,,,,,,,,,,,
5,1.3838757,target,,,,,,,,,,,,,
10,2.4235146,target,,,,,,,,,,,,,
5,1.104843,target,,,,,,,,,,,,,
5,1.482483,target,,,,,,,,,,,,,
5,1.2706497,target,,,,,,,,,,,,,
5,1.4982768,target,,,,,,,,,,,,,
5,1.4083472,target,,,,,,,,,,,,,
10,1.7438664,target,,,,,,,,,,,,,
10,2.0641175,target,,,,,,,,,,,,,
5,1.5341668,target,,,,,,,,,,,,,
10,1.3770062,target,,,,,,,,,,,,,
10,1.2399117,target,,,,,,,,,,,,,
10,2.1297961,target,,,,,,,,,,,,,
5,1.0844432,target,,,,,,,,,,,,,
10,2.532171,target,,,,,,,,,,,,,
5,1.3914223,target,,,,,,,,,,,,,
10,3.6065364,target,,,,,,,,,,,,,
10,1.4102901,target,,,,,,,,,,,,,
10,1.6241361,target,,,,,,,,,,,,,
10,1.8355503,target,,,,,,,,,,,,,
10,1.8224551,target,,,,,,,,,,,,,
10,1.1689344,target,,,,,,,,,,,,,
5,1.8986784,target,,,,,,,,,,,,,
5,1.1533765,target,,,,,,,,,,,,,
10,2.0823996,target,,,,,,,,,,,,,
5,1.3749878,target,,,,,,,,,,,,,
5,1.1510259,target,,,,,,,,,,,,,
5,1.7420722,target,,,,,,,,,,,,,
10,1.6592448,target,,,,,,,,,,,,,
10,1.6953756,target,,,,,,,,,,,,,
10,4.0167948,target,,,,,,,,,,,,,
10,1.2055666,target,,,,,,,,,,,,,
5,1.5865056,target,,,,,,,,,,,,,
10,1.1907401,target,,,,,,,,,,,,,
10,2.1439531,target,,,,,,,,,,,,,
5,1.3418692,target,,,,,,,,,,,,,
10,1.7383114,target,,,,,,,,,,,,,
5,1.4021473,target,,,,,,,,,,,,,
5,1.820118,target,,,,,,,,,,,,,
5,1.2196109,target,,,,,,,,,,,,,
5,1.3878837,target,,,,,,,,,,,,,
5,2.0977762,target,,,,,,,,,,,,,
5,1.1215072,target,,,,,,,,,,,,,
5,1.053769,target,,,,,,,,,,,,,
5,1.0792015,target,,,,,,,,,,,,,
5,1.2161104,target,,,,,,,,,,,,,
10,1.039769,target,,,,,,,,,,,,,
10,1.4269496,target,,,,,,,,,,,,,
5,1.0401089,target,,,,,,,,,,,,,
10,1.9676019,target,,,,,,,,,,,,,
10,1.064,target,,,,,,,,,,,,,
5,1.5525615,target,,,,,,,,,,,,,
10,1.1541798,target,,,,,,,,,,,,,
10,1.788755,target,,,,,,,,,,,,,
5,1.1325165,target,,,,,,,,,,,,,
5,1.5993767,target,,,,,,,,,,,,,
5,1.5066211,target,,,,,,,,,,,,,
10,1.2014488,target,,,,,,,,,,,,,
5,1.1624493,target,,,,,,,,,,,,,
10,1.6439381,target,,,,,,,,,,,,,
10,1.6814443,target,,,,,,,,,,,,,
5,1.6433847,target,,,,,,,,,,,,,
5,1.0033462,target,,,,,,,,,,,,,
10,4.3274908,target,,,,,,,,,,,,,
5,2.3814031,target,,,,,,,,,,,,,
10,1.5624423,target,,,,,,,,,,,,,
10,1.9127414,target,,,,,,,,,,,,,
5,1.2538023,target,,,,,,,,,,,,,
10,2.2099014,target,,,,,,,,,,,,,
5,1.202985,target,,,,,,,,,,,,,
10,1.2682532,target,,,,,,,,,,,,,
5,1.1370252,target,,,,,,,,,,,,,
5,1.0693467,target,,,,,,,,,,,,,
10,2.1910189,target,,,,,,,,,,,,,
10,1.2867488,target,,,,,,,,,,,,,
10,1.0517213,target,,,,,,,,,,,,,
5,1.16851,target,,,,,,,,,,,,,
5,1.472763,target,,,,,,,,,,,,,
10,1.4926687,target,,,,,,,,,,,,,
5,0.8725084,target,,,,,,,,,,,,,
5,1.1665999,target,,,,,,,,,,,,,
10,1.4446825,target,,,,,,,,,,,,,
5,1.2987516,target,,,,,,,,,,,,,
10,1.37836,target,,,,,,,,,,,,,
5,1.0876093,target,,,,,,,,,,,,,
5,2.789886,target,,,,,,,,,,,,,
10,2.1434366,target,,,,,,,,,,,,,
10,1.2810627,target,,,,,,,,,,,,,
10,1.7110121,target,,,,,,,,,,,,,
10,1.1458072,target,,,,,,,,,,,,,
10,1.4628974,target,,,,,,,,,,,,,
10,1.1956007,target,,,,,,,,,,,,,
5,1.4230102,target,,,,,,,,,,,,,
10,1.2777683,target,,,,,,,,,,,,,
5,1.591355,target,,,,,,,,,,,,,
5,1.8339434,target,,,,,,,,,,,,,
5,0.9058585,target,,,,,,,,,,,,,
10,1.612196,target,,,,,,,,,,,,,
10,2.4130439,target,,,,,,,,,,,,,
5,1.2241232,target,,,,,,,,,,,,,
5,1.722098,target,,,,,,,,,,,,,
10,1.1286598,target,,,,,,,,,,,,,
10,1.3135187,target,,,,,,,,,,,,,
10,1.7142967,target,,,,,,,,,,,,,
5,1.6895459,target,,,,,,,,,,,,,
5,1.3187074,target,,,,,,,,,,,,,
5,0.9720585,target,,,,,,,,,,,,,
10,1.2612394,target,,,,,,,,,,,,,
5,1.2410175,target,,,,,,,,,,,,,
10,1.5101838,target,,,,,,,,,,,,,
5,1.1554089,target,,,,,,,,,,,,,
10,1.4272732,target,,,,,,,,,,,,,
10,1.6592508,target,,,,,,,,,,,,,
5,1.1737023,target,,,,,,,,,,,,,
5,1.0876825,target,,,,,,,,,,,,,
5,1.1395687,target,,,,,,,,,,,,,
10,0.9288013,target,,,,,,,,,,,,,
5,1.4392044,target,,,,,,,,,,,,,
5,1.33773,target,,,,,,,,,,,,,
10,1.0610588,target,,,,,,,,,,,,,
5,1.0377686,target,,,,,,,,,,,,,
10,1.2936133,target,,,,,,,,,,,,,
5,1.1731765,target,,,,,,,,,,,,,
5,1.4221564,target,,,,,,,,,,,,,
10,1.2473074,target,,,,,,,,,,,,,
5,1.5054472,target,,,,,,,,,,,,,
5,0.9380346,target,,,,,,,,,,,,,
5,1.020513,target,,,,,,,,,,,,,
5,1.0535422,target,,,,,,,,,,,,,
5,1.154626,target,,,,,,,,,,,,,
10,1.1628923,target,,,,,,,,,,,,,
5,1.022835,target,,,,,,,,,,,,,
10,1.395025,target,,,,,,,,,,,,,
5,0.9538337,target,,,,,,,,,,,,,
10,1.2112416,target,,,,,,,,,,,,,
5,1.0054843,target,,,,,,,,,,,,,
10,1.1126158,target,,,,,,,,,,,,,
5,1.0390099,target,,,,,,,,,,,,,
10,1.0111506,target,,,,,,,,,,,,,
10,1.2789377,target,,,,,,,,,,,,,
5,1.2236195,target,,,,,,,,,,,,,
5,1.2879104,target,,,,,,,,,,,,,
5,1.2387073,target,,,,,,,,,,,,,
10,1.5806233,target,,,,,,,,,,,,,
10,1.5764906,target,,,,,,,,,,,,,
10,1.0805012,target,,,,,,,,,,,,,
10,1.1123593,target,,,,,,,,,,,,,
10,1.4132499,target,,,,,,,,,,,,,
5,1.2892138,target,,,,,,,,,,,,,
5,1.255425,target,,,,,,,,,,,,,
5,1.1211107,target,,,,,,,,,,,,,
10,1.6118775,target,,,,,,,,,,,,,
5,1.2213217,target,,,,,,,,,,,,,
5,1.3057482,target,,,,,,,,,,,,,
10,1.4107404,target,,,,,,,,,,,,,
10,1.0952734,target,,,,,,,,,,,,,
5,1.1573453,target,,,,,,,,,,,,,
10,1.8739171,target,,,,,,,,,,,,,
10,1.4090919,target,,,,,,,,,,,,,
10,3.7489817,target,,,,,,,,,,,,,
10,2.0193662,target,,,,,,,,,,,,,
5,1.1401435,target,,,,,,,,,,,,,
5,1.3532066,target,,,,,,,,,,,,,
5,1.373487,target,,,,,,,,,,,,,
5,1.1560314,target,,,,,,,,,,,,,
5,1.3899751,target,,,,,,,,,,,,,
5,1.0702943,target,,,,,,,,,,,,,
10,1.5623388,target,,,,,,,,,,,,,
10,1.2801679,target,,,,,,,,,,,,,
5,1.1860226,target,,,,,,,,,,,,,
5,1.4551926,target,,,,,,,,,,,,,
10,0.8767776,target,,,,,,,,,,,,,
10,1.3947538,target,,,,,,,,,,,,,
5,1.7069053,target,,,,,,,,,,,,,
5,1.6069173,target,,,,,,,,,,,,,
10,1.4438408,target,,,,,,,,,,,,,
10,2.0804111,target,,,,,,,,,,,,,
10,1.0957069,target,,,,,,,,,,,,,
5,1.4902962,target,,,,,,,,,,,,,
10,1.7473661,target,,,,,,,,,,,,,
10,1.343369,target,,,,,,,,,,,,,
5,1.4067064,target,,,,,,,,,,,,,
10,1.0639904,target,,,,,,,,,,,,,
10,1.8734745,target,,,,,,,,,,,,,
5,1.2938223,target,,,,,,,,,,,,,
10,1.8682134,target,,,,,,,,,,,,,
5,1.1854749,target,,,,,,,,,,,,,
10,3.0222403,target,,,,,,,,,,,,,
10,1.552725,target,,,,,,,,,,,,,
5,1.168329,target,,,,,,,,,,,,,
10,1.4629457,target,,,,,,,,,,,,,
5,1.1378375,target,,,,,,,,,,,,,
10,1.3044006,target,,,,,,,,,,,,,
5,1.5735203,target,,,,,,,,,,,,,
10,1.9630306,target,,,,,,,,,,,,,
10,1.8801268,target,,,,,,,,,,,,,
10,1.2128108,target,,,,,,,,,,,,,
10,2.0963574,target,,,,,,,,,,,,,
5,1.5727736,target,,,,,,,,,,,,,
5,1.3057386,target,,,,,,,,,,,,,
10,2.6473514,target,,,,,,,,,,,,,
5,1.1559848,target,,,,,,,,,,,,,
5,1.572113,target,,,,,,,,,,,,,
5,1.1857746,target,,,,,,,,,,,,,
5,1.2566479,target,,,,,,,,,,,,,
10,1.2630752,target,,,,,,,,,,,,,
5,1.2549816,target,,,,,,,,,,,,,
5,2.3906286,target,,,,,,,,,,,,,
10,2.8321401,target,,,,,,,,,,,,,
5,1.2232856,target,,,,,,,,,,,,,
5,1.0891431,target,,,,,,,,,,,,,
5,1.621207,target,,,,,,,,,,,,,
10,2.8655105,target,,,,,,,,,,,,,
5,1.1557874,target,,,,,,,,,,,,,
10,1.445987,target,,,,,,,,,,,,,
10,1.3456187,target,,,,,,,,,,,,,
5,1.2721479,target,,,,,,,,,,,,,
10,1.1291899,target,,,,,,,,,,,,,
5,1.7245502,target,,,,,,,,,,,,,
5,1.5881699,target,,,,,,,,,,,,,
5,1.1351732,target,,,,,,,,,,,,,
5,1.171472,target,,,,,,,,,,,,,
10,1.5115634,target,,,,,,,,,,,,,
5,2.6587508,target,,,,,,,,,,,,,
5,1.3389657,target,,,,,,,,,,,,,
10,1.2288763,target,,,,,,,,,,,,,
10,1.4455369,target,,,,,,,,,,,,,
5,1.7069993,target,,,,,,,,,,,,,
10,1.1301687,target,,,,,,,,,,,,,
5,1.7062092,target,,,,,,,,,,,,,
5,1.4883707,target,,,,,,,,,,,,,
5,1.0720163,target,,,,,,,,,,,,,
5,1.0569637,target,,,,,,,,,,,,,
10,1.4273715,target,,,,,,,,,,,,,
10,1.7145451,target,,,,,,,,,,,,,
5,1.4395604,target,,,,,,,,,,,,,
5,1.0892079,target,,,,,,,,,,,,,
10,1.5437456,target,,,,,,,,,,,,,
5,1.2558663,target,,,,,,,,,,,,,
5,1.2364723,target,,,,,,,,,,,,,
5,1.0342912,target,,,,,,,,,,,,,
10,1.3316123,target,,,,,,,,,,,,,
5,1.0236262,target,,,,,,,,,,,,,
10,1.1099578,target,,,,,,,,,,,,,
5,1.539046,target,,,,,,,,,,,,,
10,1.194403,target,,,,,,,,,,,,,
10,1.0628436,target,,,,,,,,,,,,,
10,0.9116801,target,,,,,,,,,,,,,
5,1.4225701,target,,,,,,,,,,,,,
10,1.212403,target,,,,,,,,,,,,,
10,1.2313043,target,,,,,,,,,,,,,
5,1.3190954,target,,,,,,,,,,,,,
5,1.1043283,target,,,,,,,,,,,,,
5,1.2046113,target,,,,,,,,,,,,,
5,1.7884198,target,,,,,,,,,,,,,
5,1.1227091,target,,,,,,,,,,,,,
10,1.4944846,target,,,,,,,,,,,,,
10,1.5303357,target,,,,,,,,,,,,,
5,1.2563699,target,,,,,,,,,,,,,
5,1.270995,target,,,,,,,,,,,,,
5,0.9046044,target,,,,,,,,,,,,,
5,2.3735742,target,,,,,,,,,,,,,
